cafe_name,phone,message,mode,status
Open House Cafe,+9109609601818,"Hi Open House Cafe! 👋

I was checking out Open House Cafe on Google Maps - loved what I saw!

I've been helping cafes in Siliguri build their own websites. Many are frustrated with Zomato & Swiggy commission charges and want direct customers.

I quickly created a sample website for Open House Cafe to show how it works:

🌐 YOUR OWN DIGITAL SPACE
→ Your brand, your identity, your rules
→ Customers find you directly (not through Zomato)
→ Save 30-40% commission on each order
→ Build repeat customers through WhatsApp bookings

The website would show:
✅ Your menu & specials
✅ Real photos of your cafe
✅ Direct WhatsApp booking link
✅ Your story & what makes you unique

I'm sending a quick preview - check it out and let me know your thoughts. No pressure, just wanted to share this idea!

🔗 Preview: https://open-house-cafe.github.io/open-house-cafe-html/",preview,ready
Two and a Half Mile Cafe,+91,"Hi Two and a Half Mile Cafe! 👋

I was checking out Two and a Half Mile Cafe on Google Maps - loved what I saw!

I've been helping cafes in Siliguri build their own websites. Many are frustrated with Zomato & Swiggy commission charges and want direct customers.

I quickly created a sample website for Two and a Half Mile Cafe to show how it works:

🌐 YOUR OWN DIGITAL SPACE
→ Your brand, your identity, your rules
→ Customers find you directly (not through Zomato)
→ Save 30-40% commission on each order
→ Build repeat customers through WhatsApp bookings

The website would show:
✅ Your menu & specials
✅ Real photos of your cafe
✅ Direct WhatsApp booking link
✅ Your story & what makes you unique

I'm sending a quick preview - check it out and let me know your thoughts. No pressure, just wanted to share this idea!

🔗 Preview: https://two-and-a-half-mile-cafe.github.io/two-and-a-half-mile-cafe-html/",preview,ready
Three Kins Cafe Siliguri,+9109907288194,"Hi Three Kins Cafe Siliguri! 👋

I was checking out Three Kins Cafe Siliguri on Google Maps - loved what I saw!

I've been helping cafes in Siliguri build their own websites. Many are frustrated with Zomato & Swiggy commission charges and want direct customers.

I quickly created a sample website for Three Kins Cafe Siliguri to show how it works:

🌐 YOUR OWN DIGITAL SPACE
→ Your brand, your identity, your rules
→ Customers find you directly (not through Zomato)
→ Save 30-40% commission on each order
→ Build repeat customers through WhatsApp bookings

The website would show:
✅ Your menu & specials
✅ Real photos of your cafe
✅ Direct WhatsApp booking link
✅ Your story & what makes you unique

I'm sending a quick preview - check it out and let me know your thoughts. No pressure, just wanted to share this idea!

🔗 Preview: https://three-kins-cafe-siliguri.github.io/three-kins-cafe-siliguri-html/",preview,ready
Café Rooftop,+91,"Hi Café Rooftop! 👋

I was checking out Café Rooftop on Google Maps - loved what I saw!

I've been helping cafes in Siliguri build their own websites. Many are frustrated with Zomato & Swiggy commission charges and want direct customers.

I quickly created a sample website for Café Rooftop to show how it works:

🌐 YOUR OWN DIGITAL SPACE
→ Your brand, your identity, your rules
→ Customers find you directly (not through Zomato)
→ Save 30-40% commission on each order
→ Build repeat customers through WhatsApp bookings

The website would show:
✅ Your menu & specials
✅ Real photos of your cafe
✅ Direct WhatsApp booking link
✅ Your story & what makes you unique

I'm sending a quick preview - check it out and let me know your thoughts. No pressure, just wanted to share this idea!

🔗 Preview: https://café-rooftop.github.io/café-rooftop-html/",preview,ready
King's Savor Coffee and More,+9109093035057,"Hi King's Savor Coffee and More! 👋

I was checking out King's Savor Coffee and More on Google Maps - loved what I saw!

I've been helping cafes in Siliguri build their own websites. Many are frustrated with Zomato & Swiggy commission charges and want direct customers.

I quickly created a sample website for King's Savor Coffee and More to show how it works:

🌐 YOUR OWN DIGITAL SPACE
→ Your brand, your identity, your rules
→ Customers find you directly (not through Zomato)
→ Save 30-40% commission on each order
→ Build repeat customers through WhatsApp bookings

The website would show:
✅ Your menu & specials
✅ Real photos of your cafe
✅ Direct WhatsApp booking link
✅ Your story & what makes you unique

I'm sending a quick preview - check it out and let me know your thoughts. No pressure, just wanted to share this idea!

🔗 Preview: https://king's-savor-coffee-and-more.github.io/kings-savor-coffee-and-more-html/",preview,ready
Bake Walk- cafe and patisserie,+9108371897955,"Hi Bake Walk- cafe and patisserie! 👋

I was checking out Bake Walk- cafe and patisserie on Google Maps - loved what I saw!

I've been helping cafes in Siliguri build their own websites. Many are frustrated with Zomato & Swiggy commission charges and want direct customers.

I quickly created a sample website for Bake Walk- cafe and patisserie to show how it works:

🌐 YOUR OWN DIGITAL SPACE
→ Your brand, your identity, your rules
→ Customers find you directly (not through Zomato)
→ Save 30-40% commission on each order
→ Build repeat customers through WhatsApp bookings

The website would show:
✅ Your menu & specials
✅ Real photos of your cafe
✅ Direct WhatsApp booking link
✅ Your story & what makes you unique

I'm sending a quick preview - check it out and let me know your thoughts. No pressure, just wanted to share this idea!

🔗 Preview: https://bake-walk--cafe-and-patisserie.github.io/bake-walk--cafe-and-patisserie-html/",preview,ready
The wood apple,+91,"Hi The wood apple! 👋

I was checking out The wood apple on Google Maps - loved what I saw!

I've been helping cafes in Siliguri build their own websites. Many are frustrated with Zomato & Swiggy commission charges and want direct customers.

I quickly created a sample website for The wood apple to show how it works:

🌐 YOUR OWN DIGITAL SPACE
→ Your brand, your identity, your rules
→ Customers find you directly (not through Zomato)
→ Save 30-40% commission on each order
→ Build repeat customers through WhatsApp bookings

The website would show:
✅ Your menu & specials
✅ Real photos of your cafe
✅ Direct WhatsApp booking link
✅ Your story & what makes you unique

I'm sending a quick preview - check it out and let me know your thoughts. No pressure, just wanted to share this idea!

🔗 Preview: https://the-wood-apple.github.io/the-wood-apple-html/",preview,ready
The Front Yard Bliss Cafe,+91,"Hi The Front Yard Bliss Cafe! 👋

I was checking out The Front Yard Bliss Cafe on Google Maps - loved what I saw!

I've been helping cafes in Siliguri build their own websites. Many are frustrated with Zomato & Swiggy commission charges and want direct customers.

I quickly created a sample website for The Front Yard Bliss Cafe to show how it works:

🌐 YOUR OWN DIGITAL SPACE
→ Your brand, your identity, your rules
→ Customers find you directly (not through Zomato)
→ Save 30-40% commission on each order
→ Build repeat customers through WhatsApp bookings

The website would show:
✅ Your menu & specials
✅ Real photos of your cafe
✅ Direct WhatsApp booking link
✅ Your story & what makes you unique

I'm sending a quick preview - check it out and let me know your thoughts. No pressure, just wanted to share this idea!

🔗 Preview: https://the-front-yard-bliss-cafe.github.io/the-front-yard-bliss-cafe-html/",preview,ready
The Dog Villa Café || BEST PET FRIENDLY CAFE || BEST PARTY PLACE || BEST CAFE || IN SILIGURI,+9103532535333,"Hi The Dog Villa Café || BEST PET FRIENDLY CAFE || BEST PARTY PLACE || BEST CAFE || IN SILIGURI! 👋

I was checking out The Dog Villa Café || BEST PET FRIENDLY CAFE || BEST PARTY PLACE || BEST CAFE || IN SILIGURI on Google Maps - loved what I saw!

I've been helping cafes in Siliguri build their own websites. Many are frustrated with Zomato & Swiggy commission charges and want direct customers.

I quickly created a sample website for The Dog Villa Café || BEST PET FRIENDLY CAFE || BEST PARTY PLACE || BEST CAFE || IN SILIGURI to show how it works:

🌐 YOUR OWN DIGITAL SPACE
→ Your brand, your identity, your rules
→ Customers find you directly (not through Zomato)
→ Save 30-40% commission on each order
→ Build repeat customers through WhatsApp bookings

The website would show:
✅ Your menu & specials
✅ Real photos of your cafe
✅ Direct WhatsApp booking link
✅ Your story & what makes you unique

I'm sending a quick preview - check it out and let me know your thoughts. No pressure, just wanted to share this idea!

🔗 Preview: https://the-dog-villa-café--best-pet-friendly-ca.github.io/the-dog-villa-café----best-pet-friendly-html/",preview,ready
DAKINI CAFE,+9109832504696,"Hi DAKINI CAFE! 👋

I was checking out DAKINI CAFE on Google Maps - loved what I saw!

I've been helping cafes in Siliguri build their own websites. Many are frustrated with Zomato & Swiggy commission charges and want direct customers.

I quickly created a sample website for DAKINI CAFE to show how it works:

🌐 YOUR OWN DIGITAL SPACE
→ Your brand, your identity, your rules
→ Customers find you directly (not through Zomato)
→ Save 30-40% commission on each order
→ Build repeat customers through WhatsApp bookings

The website would show:
✅ Your menu & specials
✅ Real photos of your cafe
✅ Direct WhatsApp booking link
✅ Your story & what makes you unique

I'm sending a quick preview - check it out and let me know your thoughts. No pressure, just wanted to share this idea!

🔗 Preview: https://dakini-cafe.github.io/dakini-cafe-html/",preview,ready
The Vintage Vibes,+9107908682674,"Hi The Vintage Vibes! 👋

I was checking out The Vintage Vibes on Google Maps - loved what I saw!

I've been helping cafes in Siliguri build their own websites. Many are frustrated with Zomato & Swiggy commission charges and want direct customers.

I quickly created a sample website for The Vintage Vibes to show how it works:

🌐 YOUR OWN DIGITAL SPACE
→ Your brand, your identity, your rules
→ Customers find you directly (not through Zomato)
→ Save 30-40% commission on each order
→ Build repeat customers through WhatsApp bookings

The website would show:
✅ Your menu & specials
✅ Real photos of your cafe
✅ Direct WhatsApp booking link
✅ Your story & what makes you unique

I'm sending a quick preview - check it out and let me know your thoughts. No pressure, just wanted to share this idea!

🔗 Preview: https://the-vintage-vibes.github.io/the-vintage-vibes-html/",preview,ready
The Cafe House,+91,"Hi The Cafe House! 👋

I was checking out The Cafe House on Google Maps - loved what I saw!

I've been helping cafes in Siliguri build their own websites. Many are frustrated with Zomato & Swiggy commission charges and want direct customers.

I quickly created a sample website for The Cafe House to show how it works:

🌐 YOUR OWN DIGITAL SPACE
→ Your brand, your identity, your rules
→ Customers find you directly (not through Zomato)
→ Save 30-40% commission on each order
→ Build repeat customers through WhatsApp bookings

The website would show:
✅ Your menu & specials
✅ Real photos of your cafe
✅ Direct WhatsApp booking link
✅ Your story & what makes you unique

I'm sending a quick preview - check it out and let me know your thoughts. No pressure, just wanted to share this idea!

🔗 Preview: https://the-cafe-house.github.io/the-cafe-house-html/",preview,ready
Home Cafe,+9107908173357,"Hi Home Cafe! 👋

I was checking out Home Cafe on Google Maps - loved what I saw!

I've been helping cafes in Siliguri build their own websites. Many are frustrated with Zomato & Swiggy commission charges and want direct customers.

I quickly created a sample website for Home Cafe to show how it works:

🌐 YOUR OWN DIGITAL SPACE
→ Your brand, your identity, your rules
→ Customers find you directly (not through Zomato)
→ Save 30-40% commission on each order
→ Build repeat customers through WhatsApp bookings

The website would show:
✅ Your menu & specials
✅ Real photos of your cafe
✅ Direct WhatsApp booking link
✅ Your story & what makes you unique

I'm sending a quick preview - check it out and let me know your thoughts. No pressure, just wanted to share this idea!

🔗 Preview: https://home-cafe.github.io/home-cafe-html/",preview,ready
Barista Siliguri,+9107407831085,"Hi Barista Siliguri! 👋

I was checking out Barista Siliguri on Google Maps - loved what I saw!

I've been helping cafes in Siliguri build their own websites. Many are frustrated with Zomato & Swiggy commission charges and want direct customers.

I quickly created a sample website for Barista Siliguri to show how it works:

🌐 YOUR OWN DIGITAL SPACE
→ Your brand, your identity, your rules
→ Customers find you directly (not through Zomato)
→ Save 30-40% commission on each order
→ Build repeat customers through WhatsApp bookings

The website would show:
✅ Your menu & specials
✅ Real photos of your cafe
✅ Direct WhatsApp booking link
✅ Your story & what makes you unique

I'm sending a quick preview - check it out and let me know your thoughts. No pressure, just wanted to share this idea!

🔗 Preview: https://barista-siliguri.github.io/barista-siliguri-html/",preview,ready
Berlin Coffeehouse manue,+9109800045601,"Hi Berlin Coffeehouse manue! 👋

I was checking out Berlin Coffeehouse manue on Google Maps - loved what I saw!

I've been helping cafes in Siliguri build their own websites. Many are frustrated with Zomato & Swiggy commission charges and want direct customers.

I quickly created a sample website for Berlin Coffeehouse manue to show how it works:

🌐 YOUR OWN DIGITAL SPACE
→ Your brand, your identity, your rules
→ Customers find you directly (not through Zomato)
→ Save 30-40% commission on each order
→ Build repeat customers through WhatsApp bookings

The website would show:
✅ Your menu & specials
✅ Real photos of your cafe
✅ Direct WhatsApp booking link
✅ Your story & what makes you unique

I'm sending a quick preview - check it out and let me know your thoughts. No pressure, just wanted to share this idea!

🔗 Preview: https://berlin-coffeehouse-manue.github.io/berlin-coffeehouse-manue-html/",preview,ready
Marivana Cafe,+9109641962491,"Hi Marivana Cafe! 👋

I was checking out Marivana Cafe on Google Maps - loved what I saw!

I've been helping cafes in Siliguri build their own websites. Many are frustrated with Zomato & Swiggy commission charges and want direct customers.

I quickly created a sample website for Marivana Cafe to show how it works:

🌐 YOUR OWN DIGITAL SPACE
→ Your brand, your identity, your rules
→ Customers find you directly (not through Zomato)
→ Save 30-40% commission on each order
→ Build repeat customers through WhatsApp bookings

The website would show:
✅ Your menu & specials
✅ Real photos of your cafe
✅ Direct WhatsApp booking link
✅ Your story & what makes you unique

I'm sending a quick preview - check it out and let me know your thoughts. No pressure, just wanted to share this idea!

🔗 Preview: https://marivana-cafe.github.io/marivana-cafe-html/",preview,ready
Artoli Coffee & Eatery,+9109875452633,"Hi Artoli Coffee & Eatery! 👋

I was checking out Artoli Coffee & Eatery on Google Maps - loved what I saw!

I've been helping cafes in Siliguri build their own websites. Many are frustrated with Zomato & Swiggy commission charges and want direct customers.

I quickly created a sample website for Artoli Coffee & Eatery to show how it works:

🌐 YOUR OWN DIGITAL SPACE
→ Your brand, your identity, your rules
→ Customers find you directly (not through Zomato)
→ Save 30-40% commission on each order
→ Build repeat customers through WhatsApp bookings

The website would show:
✅ Your menu & specials
✅ Real photos of your cafe
✅ Direct WhatsApp booking link
✅ Your story & what makes you unique

I'm sending a quick preview - check it out and let me know your thoughts. No pressure, just wanted to share this idea!

🔗 Preview: https://artoli-coffee-&-eatery.github.io/artoli-coffee---eatery-html/",preview,ready
Cafe Savanah,+91,"Hi Cafe Savanah! 👋

I was checking out Cafe Savanah on Google Maps - loved what I saw!

I've been helping cafes in Siliguri build their own websites. Many are frustrated with Zomato & Swiggy commission charges and want direct customers.

I quickly created a sample website for Cafe Savanah to show how it works:

🌐 YOUR OWN DIGITAL SPACE
→ Your brand, your identity, your rules
→ Customers find you directly (not through Zomato)
→ Save 30-40% commission on each order
→ Build repeat customers through WhatsApp bookings

The website would show:
✅ Your menu & specials
✅ Real photos of your cafe
✅ Direct WhatsApp booking link
✅ Your story & what makes you unique

I'm sending a quick preview - check it out and let me know your thoughts. No pressure, just wanted to share this idea!

🔗 Preview: https://cafe-savanah.github.io/cafe-savanah-html/",preview,ready
Netaji Cabin,+9109434247564,"Hi Netaji Cabin! 👋

I was checking out Netaji Cabin on Google Maps - loved what I saw!

I've been helping cafes in Siliguri build their own websites. Many are frustrated with Zomato & Swiggy commission charges and want direct customers.

I quickly created a sample website for Netaji Cabin to show how it works:

🌐 YOUR OWN DIGITAL SPACE
→ Your brand, your identity, your rules
→ Customers find you directly (not through Zomato)
→ Save 30-40% commission on each order
→ Build repeat customers through WhatsApp bookings

The website would show:
✅ Your menu & specials
✅ Real photos of your cafe
✅ Direct WhatsApp booking link
✅ Your story & what makes you unique

I'm sending a quick preview - check it out and let me know your thoughts. No pressure, just wanted to share this idea!

🔗 Preview: https://netaji-cabin.github.io/netaji-cabin-html/",preview,ready
Nest Coffee Lounge,+9109832011910,"Hi Nest Coffee Lounge! 👋

I was checking out Nest Coffee Lounge on Google Maps - loved what I saw!

I've been helping cafes in Siliguri build their own websites. Many are frustrated with Zomato & Swiggy commission charges and want direct customers.

I quickly created a sample website for Nest Coffee Lounge to show how it works:

🌐 YOUR OWN DIGITAL SPACE
→ Your brand, your identity, your rules
→ Customers find you directly (not through Zomato)
→ Save 30-40% commission on each order
→ Build repeat customers through WhatsApp bookings

The website would show:
✅ Your menu & specials
✅ Real photos of your cafe
✅ Direct WhatsApp booking link
✅ Your story & what makes you unique

I'm sending a quick preview - check it out and let me know your thoughts. No pressure, just wanted to share this idea!

🔗 Preview: https://nest-coffee-lounge.github.io/nest-coffee-lounge-html/",preview,ready
Dr. Jugaad Cafe,+9108250118920,"Hi Dr. Jugaad Cafe! 👋

I was checking out Dr. Jugaad Cafe on Google Maps - loved what I saw!

I've been helping cafes in Siliguri build their own websites. Many are frustrated with Zomato & Swiggy commission charges and want direct customers.

I quickly created a sample website for Dr. Jugaad Cafe to show how it works:

🌐 YOUR OWN DIGITAL SPACE
→ Your brand, your identity, your rules
→ Customers find you directly (not through Zomato)
→ Save 30-40% commission on each order
→ Build repeat customers through WhatsApp bookings

The website would show:
✅ Your menu & specials
✅ Real photos of your cafe
✅ Direct WhatsApp booking link
✅ Your story & what makes you unique

I'm sending a quick preview - check it out and let me know your thoughts. No pressure, just wanted to share this idea!

🔗 Preview: https://dr.-jugaad-cafe.github.io/dr--jugaad-cafe-html/",preview,ready
Chai Biskut Cafe,+91,"Hi Chai Biskut Cafe! 👋

I was checking out Chai Biskut Cafe on Google Maps - loved what I saw!

I've been helping cafes in Siliguri build their own websites. Many are frustrated with Zomato & Swiggy commission charges and want direct customers.

I quickly created a sample website for Chai Biskut Cafe to show how it works:

🌐 YOUR OWN DIGITAL SPACE
→ Your brand, your identity, your rules
→ Customers find you directly (not through Zomato)
→ Save 30-40% commission on each order
→ Build repeat customers through WhatsApp bookings

The website would show:
✅ Your menu & specials
✅ Real photos of your cafe
✅ Direct WhatsApp booking link
✅ Your story & what makes you unique

I'm sending a quick preview - check it out and let me know your thoughts. No pressure, just wanted to share this idea!

🔗 Preview: https://chai-biskut-cafe.github.io/chai-biskut-cafe-html/",preview,ready
Siliguri's Chai Addaa,+9107585877937,"Hi Siliguri's Chai Addaa! 👋

I was checking out Siliguri's Chai Addaa on Google Maps - loved what I saw!

I've been helping cafes in Siliguri build their own websites. Many are frustrated with Zomato & Swiggy commission charges and want direct customers.

I quickly created a sample website for Siliguri's Chai Addaa to show how it works:

🌐 YOUR OWN DIGITAL SPACE
→ Your brand, your identity, your rules
→ Customers find you directly (not through Zomato)
→ Save 30-40% commission on each order
→ Build repeat customers through WhatsApp bookings

The website would show:
✅ Your menu & specials
✅ Real photos of your cafe
✅ Direct WhatsApp booking link
✅ Your story & what makes you unique

I'm sending a quick preview - check it out and let me know your thoughts. No pressure, just wanted to share this idea!

🔗 Preview: https://siliguri's-chai-addaa.github.io/siliguris-chai-addaa-html/",preview,ready
Warm Cup,+9109547339096,"Hi Warm Cup! 👋

I was checking out Warm Cup on Google Maps - loved what I saw!

I've been helping cafes in Siliguri build their own websites. Many are frustrated with Zomato & Swiggy commission charges and want direct customers.

I quickly created a sample website for Warm Cup to show how it works:

🌐 YOUR OWN DIGITAL SPACE
→ Your brand, your identity, your rules
→ Customers find you directly (not through Zomato)
→ Save 30-40% commission on each order
→ Build repeat customers through WhatsApp bookings

The website would show:
✅ Your menu & specials
✅ Real photos of your cafe
✅ Direct WhatsApp booking link
✅ Your story & what makes you unique

I'm sending a quick preview - check it out and let me know your thoughts. No pressure, just wanted to share this idea!

🔗 Preview: https://warm-cup.github.io/warm-cup-html/",preview,ready
Mim Bakery And Cafe,+9109641396563,"Hi Mim Bakery And Cafe! 👋

I was checking out Mim Bakery And Cafe on Google Maps - loved what I saw!

I've been helping cafes in Siliguri build their own websites. Many are frustrated with Zomato & Swiggy commission charges and want direct customers.

I quickly created a sample website for Mim Bakery And Cafe to show how it works:

🌐 YOUR OWN DIGITAL SPACE
→ Your brand, your identity, your rules
→ Customers find you directly (not through Zomato)
→ Save 30-40% commission on each order
→ Build repeat customers through WhatsApp bookings

The website would show:
✅ Your menu & specials
✅ Real photos of your cafe
✅ Direct WhatsApp booking link
✅ Your story & what makes you unique

I'm sending a quick preview - check it out and let me know your thoughts. No pressure, just wanted to share this idea!

🔗 Preview: https://mim-bakery-and-cafe.github.io/mim-bakery-and-cafe-html/",preview,ready
CAFE ADDA,+9109933119999,"Hi CAFE ADDA! 👋

I was checking out CAFE ADDA on Google Maps - loved what I saw!

I've been helping cafes in Siliguri build their own websites. Many are frustrated with Zomato & Swiggy commission charges and want direct customers.

I quickly created a sample website for CAFE ADDA to show how it works:

🌐 YOUR OWN DIGITAL SPACE
→ Your brand, your identity, your rules
→ Customers find you directly (not through Zomato)
→ Save 30-40% commission on each order
→ Build repeat customers through WhatsApp bookings

The website would show:
✅ Your menu & specials
✅ Real photos of your cafe
✅ Direct WhatsApp booking link
✅ Your story & what makes you unique

I'm sending a quick preview - check it out and let me know your thoughts. No pressure, just wanted to share this idea!

🔗 Preview: https://cafe-adda.github.io/cafe-adda-html/",preview,ready
Half Full,+9109733101911,"Hi Half Full! 👋

I was checking out Half Full on Google Maps - loved what I saw!

I've been helping cafes in Siliguri build their own websites. Many are frustrated with Zomato & Swiggy commission charges and want direct customers.

I quickly created a sample website for Half Full to show how it works:

🌐 YOUR OWN DIGITAL SPACE
→ Your brand, your identity, your rules
→ Customers find you directly (not through Zomato)
→ Save 30-40% commission on each order
→ Build repeat customers through WhatsApp bookings

The website would show:
✅ Your menu & specials
✅ Real photos of your cafe
✅ Direct WhatsApp booking link
✅ Your story & what makes you unique

I'm sending a quick preview - check it out and let me know your thoughts. No pressure, just wanted to share this idea!

🔗 Preview: https://half-full.github.io/half-full-html/",preview,ready
Backyard Bistro Hakimpara,+9108101867767,"Hi Backyard Bistro Hakimpara! 👋

I was checking out Backyard Bistro Hakimpara on Google Maps - loved what I saw!

I've been helping cafes in Siliguri build their own websites. Many are frustrated with Zomato & Swiggy commission charges and want direct customers.

I quickly created a sample website for Backyard Bistro Hakimpara to show how it works:

🌐 YOUR OWN DIGITAL SPACE
→ Your brand, your identity, your rules
→ Customers find you directly (not through Zomato)
→ Save 30-40% commission on each order
→ Build repeat customers through WhatsApp bookings

The website would show:
✅ Your menu & specials
✅ Real photos of your cafe
✅ Direct WhatsApp booking link
✅ Your story & what makes you unique

I'm sending a quick preview - check it out and let me know your thoughts. No pressure, just wanted to share this idea!

🔗 Preview: https://backyard-bistro-hakimpara.github.io/backyard-bistro-hakimpara-html/",preview,ready
Ullash De Cafe,+9107903308634,"Hi Ullash De Cafe! 👋

I was checking out Ullash De Cafe on Google Maps - loved what I saw!

I've been helping cafes in Siliguri build their own websites. Many are frustrated with Zomato & Swiggy commission charges and want direct customers.

I quickly created a sample website for Ullash De Cafe to show how it works:

🌐 YOUR OWN DIGITAL SPACE
→ Your brand, your identity, your rules
→ Customers find you directly (not through Zomato)
→ Save 30-40% commission on each order
→ Build repeat customers through WhatsApp bookings

The website would show:
✅ Your menu & specials
✅ Real photos of your cafe
✅ Direct WhatsApp booking link
✅ Your story & what makes you unique

I'm sending a quick preview - check it out and let me know your thoughts. No pressure, just wanted to share this idea!

🔗 Preview: https://ullash-de-cafe.github.io/ullash-de-cafe-html/",preview,ready
MARVEL CAFE,+9103533583165,"Hi MARVEL CAFE! 👋

I was checking out MARVEL CAFE on Google Maps - loved what I saw!

I've been helping cafes in Siliguri build their own websites. Many are frustrated with Zomato & Swiggy commission charges and want direct customers.

I quickly created a sample website for MARVEL CAFE to show how it works:

🌐 YOUR OWN DIGITAL SPACE
→ Your brand, your identity, your rules
→ Customers find you directly (not through Zomato)
→ Save 30-40% commission on each order
→ Build repeat customers through WhatsApp bookings

The website would show:
✅ Your menu & specials
✅ Real photos of your cafe
✅ Direct WhatsApp booking link
✅ Your story & what makes you unique

I'm sending a quick preview - check it out and let me know your thoughts. No pressure, just wanted to share this idea!

🔗 Preview: https://marvel-cafe.github.io/marvel-cafe-html/",preview,ready
Gupshup cafe By Mithis (Drop the tea),+9109749601002,"Hi Gupshup cafe By Mithis (Drop the tea)! 👋

I was checking out Gupshup cafe By Mithis (Drop the tea) on Google Maps - loved what I saw!

I've been helping cafes in Siliguri build their own websites. Many are frustrated with Zomato & Swiggy commission charges and want direct customers.

I quickly created a sample website for Gupshup cafe By Mithis (Drop the tea) to show how it works:

🌐 YOUR OWN DIGITAL SPACE
→ Your brand, your identity, your rules
→ Customers find you directly (not through Zomato)
→ Save 30-40% commission on each order
→ Build repeat customers through WhatsApp bookings

The website would show:
✅ Your menu & specials
✅ Real photos of your cafe
✅ Direct WhatsApp booking link
✅ Your story & what makes you unique

I'm sending a quick preview - check it out and let me know your thoughts. No pressure, just wanted to share this idea!

🔗 Preview: https://gupshup-cafe-by-mithis-(drop-the-tea).github.io/gupshup-cafe-by-mithis--drop-the-tea-html/",preview,ready
The Coffee Shop,+9107001984406,"Hi The Coffee Shop! 👋

I was checking out The Coffee Shop on Google Maps - loved what I saw!

I've been helping cafes in Siliguri build their own websites. Many are frustrated with Zomato & Swiggy commission charges and want direct customers.

I quickly created a sample website for The Coffee Shop to show how it works:

🌐 YOUR OWN DIGITAL SPACE
→ Your brand, your identity, your rules
→ Customers find you directly (not through Zomato)
→ Save 30-40% commission on each order
→ Build repeat customers through WhatsApp bookings

The website would show:
✅ Your menu & specials
✅ Real photos of your cafe
✅ Direct WhatsApp booking link
✅ Your story & what makes you unique

I'm sending a quick preview - check it out and let me know your thoughts. No pressure, just wanted to share this idea!

🔗 Preview: https://the-coffee-shop.github.io/the-coffee-shop-html/",preview,ready
T-Point,+9108617460905,"Hi T-Point! 👋

I was checking out T-Point on Google Maps - loved what I saw!

I've been helping cafes in Siliguri build their own websites. Many are frustrated with Zomato & Swiggy commission charges and want direct customers.

I quickly created a sample website for T-Point to show how it works:

🌐 YOUR OWN DIGITAL SPACE
→ Your brand, your identity, your rules
→ Customers find you directly (not through Zomato)
→ Save 30-40% commission on each order
→ Build repeat customers through WhatsApp bookings

The website would show:
✅ Your menu & specials
✅ Real photos of your cafe
✅ Direct WhatsApp booking link
✅ Your story & what makes you unique

I'm sending a quick preview - check it out and let me know your thoughts. No pressure, just wanted to share this idea!

🔗 Preview: https://t-point.github.io/t-point-html/",preview,ready
